{
  "hash": "763d0018",
  "configHash": "8b6931f0",
  "lockfileHash": "58acf930",
  "browserHash": "bf09b9c2",
  "optimized": {
    "@angular/common": {
      "src": "../../../../../node_modules/@angular/common/fesm2022/common.mjs",
      "file": "@angular_common.js",
      "fileHash": "9723c827",
      "needsInterop": false
    },
    "@angular/common/http": {
      "src": "../../../../../node_modules/@angular/common/fesm2022/http.mjs",
      "file": "@angular_common_http.js",
      "fileHash": "0ab5a37f",
      "needsInterop": false
    },
    "@angular/core": {
      "src": "../../../../../node_modules/@angular/core/fesm2022/core.mjs",
      "file": "@angular_core.js",
      "fileHash": "b840d795",
      "needsInterop": false
    },
    "@angular/forms": {
      "src": "../../../../../node_modules/@angular/forms/fesm2022/forms.mjs",
      "file": "@angular_forms.js",
      "fileHash": "217e1d9f",
      "needsInterop": false
    },
    "@angular/material/dialog": {
      "src": "../../../../../node_modules/@angular/material/fesm2022/dialog.mjs",
      "file": "@angular_material_dialog.js",
      "fileHash": "2c2e47b3",
      "needsInterop": false
    },
    "@angular/platform-browser": {
      "src": "../../../../../node_modules/@angular/platform-browser/fesm2022/platform-browser.mjs",
      "file": "@angular_platform-browser.js",
      "fileHash": "dcf92305",
      "needsInterop": false
    },
    "@angular/platform-browser/animations/async": {
      "src": "../../../../../node_modules/@angular/platform-browser/fesm2022/animations/async.mjs",
      "file": "@angular_platform-browser_animations_async.js",
      "fileHash": "a5737506",
      "needsInterop": false
    },
    "@angular/router": {
      "src": "../../../../../node_modules/@angular/router/fesm2022/router.mjs",
      "file": "@angular_router.js",
      "fileHash": "006f4c74",
      "needsInterop": false
    }
  },
  "chunks": {
    "browser-XEURPSQ5": {
      "file": "browser-XEURPSQ5.js"
    },
    "chunk-4PCW54HW": {
      "file": "chunk-4PCW54HW.js"
    },
    "chunk-EM75BAHQ": {
      "file": "chunk-EM75BAHQ.js"
    },
    "chunk-P4VBFMCN": {
      "file": "chunk-P4VBFMCN.js"
    },
    "chunk-2GHFRDYQ": {
      "file": "chunk-2GHFRDYQ.js"
    },
    "chunk-RQJYVURK": {
      "file": "chunk-RQJYVURK.js"
    }
  }
}